;sex;age;rs3722996;rs3671256;rs13475745;rs6404446;mCV23695025;rs6173215;bwt_sim
31521;M;76;2;2;2;2;2;3;61,8612237847662
33424;M;78;3;3;3;3;3;3;75,1160154657976
31826;M;67;2;2;2;2;2;2;51,7782490529582
33609;F;76;1;1;1;1;1;2;28,1500540997466
33275;F;84;3;3;3;3;3;3;72,4288603213083
31815;M;77;1;1;1;1;1;1;22,8146142360653
31779;M;81;3;3;3;3;3;3;77,7878840211017
33524;M;72;3;3;3;3;3;3;77,2995052761755
31213;F;67;3;2;2;1;1;1;28,47518121188
33923;M;75;3;3;3;3;3;3;77,1369823524521
33458;F;70;3;3;3;3;3;3;72,1265894195533
33577;M;82;3;3;3;3;3;3;78,731250245656
33115;F;70;3;3;3;3;3;3;74,7302113499664
31811;M;77;2;2;2;2;2;2;50,9691337781555
33525;M;72;3;3;3;3;3;3;77,8680477610317
33615;M;81;2;3;3;3;3;3;75,9677688947969
35629;M;63;2;1;1;2;2;2;41,5788044993382
31571;F;74;3;3;3;3;3;3;76,9147230292443
33568;F;83;3;3;3;3;3;3;73,4921025917383
31445;F;64;3;3;3;3;3;3;72,5549414164739
31333;M;68;3;3;3;3;3;3;77,9737402112118
33104;F;70;2;2;2;1;1;1;28,5803544230191
33614;M;81;3;2;2;2;2;2;51,3939816493354
33910;M;75;2;2;2;2;2;2;48,9622546541619
33624;F;79;1;1;1;1;1;1;19,1531038428614
33587;F;81;2;2;2;2;2;2;44,2554866770645
33632;M;79;2;2;2;2;2;2;51,1118545691954
33004;F;72;2;2;2;2;2;2;44,3870473597577
33053;M;72;1;1;1;1;2;2;41,088008339042
33085;M;71;2;2;2;2;2;2;50,421172401438
31203;F;67;2;2;2;2;2;2;44,7268102052415
33112;F;70;3;3;3;3;3;3;72,5390831706181
33617;M;81;2;3;3;3;3;3;74,8909218161236
35614;M;64;2;2;2;2;2;2;49,3831331266003
33221;M;81;3;3;3;3;3;3;75,3645025463186
33206;F;84;3;3;3;3;3;3;71,2794804733602
35733;M;66;3;3;3;3;3;3;78,1931212315961
33574;F;82;3;3;3;3;3;3;72,5921239509011
31520;M;76;2;3;3;3;3;3;79,5088064176723
33630;M;79;3;3;3;3;3;3;77,0315979342298
33637;M;78;3;3;3;3;3;3;77,3515150691354
33599;F;76;2;2;2;1;1;1;27,4700357585741
33465;M;67;1;1;2;2;2;2;45,3430519052981
33032;M;75;3;3;3;2;2;2;59,2817905429335
31338;F;67;2;1;1;1;1;1;17,9299929725476
31582;F;73;2;2;2;2;2;2;43,9129914330519
35860;M;78;2;2;3;2;2;2;55,6488198412606
31804;M;76;2;2;2;2;2;2;50,3892870838416
33119;M;85;3;3;3;3;3;3;75,9255151345387
35725;F;64;2;2;2;2;2;2;44,9178563744763
31206;F;67;2;2;2;2;2;2;44,1276358248701
33647;M;80;2;3;3;2;2;2;57,9121190055036
33026;M;75;2;2;2;2;2;2;50,8910977344064
31146;F;71;3;3;3;3;3;3;74,135553990002
31453;F;63;2;2;2;2;3;3;64,0626964707329
35747;M;64;3;3;3;3;3;3;77,4745318838261
33236;M;79;3;3;3;3;3;3;81,0434264630276
31263;M;71;1;1;1;1;1;1;21,8978491982
33622;F;79;1;1;1;1;1;1;19,2758529580095
31272;M;72;2;2;2;2;2;2;54,9580486258184
33646;M;80;3;3;3;2;2;2;60,6824214350359
31269;F;72;1;2;2;2;2;2;43,4865198920173
33033;M;75;3;3;3;3;2;2;62,8231548861752
31782;F;80;3;3;3;2;2;2;58,0565969337254
31299;M;67;3;3;3;3;3;3;76,9266504146153
33227;M;79;1;1;1;1;1;1;25,6863027888765
35732;M;66;3;3;3;3;3;3;80,6289092059152
33217;F;81;3;3;3;3;3;3;73,795679457316
31805;M;76;2;2;2;2;2;2;51,1449012774046
33596;M;76;2;2;2;2;2;1;41,3513589124995
31273;M;72;1;1;1;1;1;1;23,0847761204307
31457;M;63;3;3;3;3;2;2;63,8069918709963
31781;F;80;2;2;2;2;2;2;48,8963765535067
33090;F;72;3;3;3;3;3;3;73,0608726428098
31574;F;74;3;3;3;3;3;3;71,204918841458
33649;F;80;3;3;3;2;2;2;54,305597595845
31783;F;80;2;2;2;2;2;2;46,1783629047621
33244;F;78;2;2;2;2;2;2;45,3153815890685
33272;M;84;2;2;2;2;2;2;50,8678770832452
31296;F;60;2;2;2;2;2;2;45,5359791462285
31331;F;68;3;3;3;3;3;3;71,2325174326952
33044;M;74;3;2;2;2;2;2;52,1738812641206
31743;M;70;3;3;3;3;3;3;79,9099104054245
31157;M;69;2;2;2;2;2;2;52,180975087244
31307;F;68;2;3;3;3;2;2;57,0159662881469
33027;F;75;3;3;3;3;3;3;72,6868722983388
33234;M;79;2;2;2;2;2;2;50,8471713640239
31820;M;76;3;2;2;2;2;2;50,6427702003379
33572;F;82;3;3;3;3;3;3;73,2112320333953
35750;M;64;2;2;2;2;2;2;51,5173560212354
33608;F;76;2;2;2;2;2;2;48,3499162723704
33127;M;84;3;3;3;3;3;3;80,1368318982868
31302;F;68;2;2;2;2;2;2;45,0475950970081
33021;M;75;2;2;2;2;2;2;51,6678874652412
33205;F;84;3;3;3;3;3;3;71,5890581962095
31557;M;64;3;3;3;2;2;2;62,0518674601701
33588;F;81;3;3;3;3;3;3;74,7503453915745
31821;M;76;3;2;2;2;2;2;55,6162376778051
35565;M;65;2;2;2;2;2;2;51,7563473213041
33225;M;79;1;1;1;1;1;1;22,9224843094476
33566;F;83;3;3;3;3;3;3;73,389960502067
34401;M;74;3;2;2;2;2;2;51,6808453461508
31454;F;63;2;2;2;2;2;2;44,5519723808163
33081;M;71;2;2;2;2;2;2;51,3850459393711
33040;F;74;3;3;3;3;3;3;71,9465733221431
31806;M;76;2;2;2;2;2;2;51,3868401012253
33582;M;81;3;2;2;2;2;2;52,9670144112639
33591;M;80;2;3;3;3;3;3;77,2564043444349
33011;F;70;2;2;2;2;3;3;61,2970683334359
33128;M;84;3;3;3;3;3;3;77,660957392333
31778;M;81;3;3;3;3;3;3;76,9699111726435
31154;F;69;2;2;2;2;2;2;47,0648815654929
33520;F;72;3;3;3;3;3;3;73,3245140506243
33601;F;73;1;2;2;2;2;2;45,7376811874705
33050;F;72;3;3;3;1;2;2;51,4245384844939
35627;M;63;2;2;2;2;2;2;51,3881016403909
31301;F;68;3;3;3;3;3;3;74,3007197219318
31204;F;67;2;2;2;2;2;2;45,7515556968375
35625;F;63;2;2;2;2;2;2;45,5038820086762
33452;M;78;3;3;3;3;3;3;77,4617020496918
33464;M;70;3;3;3;3;3;3;81,7218050013869
33418;F;80;2;2;2;2;2;2;46,916722441244
33016;F;75;2;2;2;2;2;2;48,5272827150777
33575;M;82;3;3;3;3;3;3;78,7546514813796
33280;M;84;2;2;2;2;2;2;50,1874480712921
35665;M;62;2;2;2;2;2;2;48,864629839691
33581;M;81;2;2;2;2;2;2;50,180412273114
31742;F;70;2;2;2;2;2;2;46,130422560256
33589;F;81;3;3;3;3;3;3;74,8115057827089
35670;F;62;3;3;3;3;3;3;73,6700954641098
33643;M;80;3;3;3;2;2;2;58,9766395504799
35661;F;62;2;2;2;2;2;2;46,7940417542978
33083;M;71;1;1;1;1;1;1;21,1594106174751
33610;F;76;2;2;2;2;2;2;45,2421918892224
31817;F;76;3;2;2;2;2;2;46,6167927682607
35982;M;76;3;3;3;2;2;2;57,8121929487596
33097;F;71;2;2;2;2;2;2;47,1710565450966
31466;M;78;2;2;2;2;2;2;50,2002546274233
35749;M;64;3;3;3;3;3;3;78,1335070447454
31308;F;68;1;2;2;2;2;2;46,5836921003047
33126;M;84;3;3;3;3;3;3;79,5895736363
31038;M;74;2;2;2;1;1;1;33,071914474256
33939;M;71;2;2;2;2;3;3;67,7052061873487
31147;F;71;2;2;2;2;2;3;55,4898779724212
33230;F;80;3;2;2;2;2;2;49,5852549326559
34045;M;83;2;2;2;2;2;2;51,5484021251198
34340;F;74;3;3;3;3;3;3;74,0503791963218
33052;M;72;2;2;2;1;2;2;49,5558899822773
31818;F;76;3;2;2;2;2;2;46,5251137902658
31035;M;74;2;2;2;2;2;2;51,2809912144055
33121;F;84;1;1;1;1;1;1;20,7490872291929
33573;F;82;3;3;3;3;3;3;71,9775815502259
33567;F;83;2;2;2;2;2;2;45,9736102594718
31801;F;76;2;2;2;2;2;2;47,8341662527777
33240;M;80;3;2;2;2;2;2;52,0826303893576
33087;F;71;2;2;2;2;2;2;44,2108960495956
35981;M;76;3;2;2;2;2;2;51,1298866112878
33274;F;84;2;2;2;2;3;3;61,0057797170397
33248;F;77;2;2;2;2;2;2;44,5199451518159
35561;F;65;2;2;2;2;2;2;45,4000111733612
33261;M;84;2;2;2;2;2;2;50,5129324602288
31031;M;75;2;2;2;2;2;2;50,8599858231625
31156;M;69;2;3;3;3;3;3;77,9451461665625
31697;F;67;3;3;3;3;3;3;74,2279199538135
33086;F;71;3;3;3;3;3;3;75,8082788770673
31304;F;68;2;2;2;2;2;2;45,6879297811628
33013;M;70;2;2;2;2;2;2;50,6533021507544
33014;M;70;2;2;2;2;3;3;69,141070595315
33213;F;84;2;2;2;3;3;3;66,2474643582509
31831;M;77;3;3;3;3;3;3;78,6994280760779
31586;M;73;3;2;2;2;2;2;51,9355760410414
33559;F;81;1;1;1;1;1;1;15,5576171351656
31823;F;76;3;3;3;3;3;3;75,4078638596304
31824;F;75;3;3;3;3;3;3;72,034596610395
35728;M;66;2;2;2;2;2;2;49,4489178281486
33461;F;70;3;3;3;3;3;3;77,8566190906532
33015;F;75;2;2;2;2;2;2;46,1435022238863
33210;F;84;1;1;1;2;2;2;36,1410823463403
33031;M;75;3;3;3;3;3;3;74,5362327353079
35809;F;60;1;1;1;1;1;1;18,1412843788474
31341;M;67;1;1;1;1;1;1;25,0986096221252
33576;M;82;3;3;3;3;3;3;79,2553653929183
35811;M;60;2;1;1;1;1;1;26,3030452621568
31462;F;63;2;2;2;2;3;3;64,5665685625368
33022;F;75;1;1;1;1;1;2;29,1446330325307
33041;F;74;3;3;3;3;3;3;72,5278647383874
33005;M;72;1;1;1;1;1;1;24,6908322874399
33251;M;77;2;2;2;2;2;2;50,8369376090085
31748;F;81;2;2;2;2;2;2;44,983864078183
35724;F;64;2;2;2;2;2;2;41,5073322789814
33017;F;75;2;2;2;2;2;2;44,6064999831146
33095;F;71;1;1;2;2;2;2;42,2226922142558
33613;M;81;2;3;3;3;3;3;80,5866108290206
31464;M;78;2;2;2;1;2;2;49,7856039411628
33028;F;75;3;3;3;2;3;3;72,1212855670113
33089;F;72;2;2;2;2;2;2;44,3421154463099
35748;M;64;3;3;3;3;3;3;78,878544081919
35816;F;60;3;2;2;2;2;2;43,9736139486792
31528;M;76;2;2;2;1;1;1;33,9624022505955
33122;F;84;3;3;3;3;3;3;74,3361234293576
33842;M;75;3;3;3;3;3;3;78,9128328931162
33467;F;69;1;1;1;1;1;2;28,442070534827
31569;M;60;2;1;1;1;1;1;25,4020835627337
31810;F;77;2;3;2;2;2;2;49,931663804462
31527;M;76;3;3;3;2;2;2;63,4982574590531
33039;M;74;2;2;2;2;2;2;52,8031062816355
31744;M;70;3;3;3;3;3;3;78,6835579559938
31828;F;76;3;3;3;3;3;3;71,6192968143142
31266;F;72;1;1;1;1;1;1;18,9180569950879
33919;M;75;1;1;1;1;1;1;23,0342091637269
31332;F;68;3;3;2;3;2;3;63,5312099154365
33266;F;84;2;2;2;2;2;3;52,4803488517357
33024;M;75;1;1;1;1;1;2;32,1109343371393
31566;M;60;2;3;3;3;3;3;77,9675745795678
33915;F;71;3;3;3;3;3;3;73,0633654567078
31578;M;74;3;3;2;3;2;3;65,7253353468453
31802;F;76;2;2;2;2;2;2;45,3338886580602
31215;F;67;3;2;2;2;2;2;48,035274411337
35730;F;66;3;3;3;3;3;3;74,6337282319236
35763;F;64;3;3;3;3;3;3;74,2812892092409
33054;M;72;2;2;2;1;2;2;52,4447873004128
34402;M;74;3;3;3;3;3;3;80,3948083786902
31516;F;76;1;1;1;1;1;2;27,822534853981
33616;M;81;3;3;3;3;3;3;77,6449068790097
33103;F;70;3;3;3;2;2;2;59,7696804575867
33228;M;79;2;2;2;2;2;2;52,1506852703991
33108;M;69;1;1;1;1;1;1;22,6080815035376
35805;M;60;3;3;3;3;3;3;78,9143001443631
31750;F;81;2;2;2;2;2;2;45,3043803107848
31814;M;77;3;3;3;3;2;2;62,4225056924029
33604;M;76;1;1;1;1;1;2;31,3343070088568
35626;F;63;1;1;1;1;1;1;18,4662382789894
31599;M;71;3;3;3;3;3;3;79,1133023777138
35859;M;78;3;3;3;3;3;3;77,0182488356025
33605;M;76;1;1;1;1;1;2;27,8848338203569
31573;F;74;3;3;3;3;3;3;72,9086582825285
33522;F;72;3;3;3;3;3;3;73,3352470069925
33468;F;69;3;3;3;3;3;3;74,182380922676
31519;M;76;3;2;2;2;2;3;61,6232647720098
31555;F;64;3;3;3;2;2;2;56,0110686036158
33093;M;72;3;3;3;3;3;3;76,987903757886
33110;M;69;3;3;3;3;3;3;79,7013249056473
31698;F;67;3;3;3;3;3;3;74,3693033562915
35984;M;76;3;3;3;3;3;3;79,0120386232851
34281;F;80;2;2;2;2;2;2;47,8268819157379
33102;F;71;1;2;2;2;2;2;45,0976729684282
34282;F;80;2;2;2;2;2;2;46,1875166662672
31216;F;67;3;3;3;2;2;2;55,7930361177258
31455;F;63;3;3;3;3;2;2;58,1463661270695
33936;M;71;3;3;3;3;3;3;80,2247478779727
33636;M;78;1;1;1;1;1;1;24,3128476145347
31558;F;64;2;1;1;1;1;1;20,5857681850409
33247;F;77;2;2;2;2;2;2;44,086409930524
34604;M;75;2;2;2;2;2;3;59,6788157441034
31777;M;81;3;3;3;3;3;3;80,8500164044303
33084;M;71;3;3;3;3;3;3;76,798706393971
31518;M;76;2;2;2;2;2;2;51,5216646008358
31292;F;67;3;3;3;3;3;3;73,8984744696605
35808;F;60;3;2;2;2;2;2;48,5546752442245
31205;F;67;3;3;3;3;3;3;72,7676551567004
33611;F;76;2;2;2;2;2;2;46,0289084207472
31568;M;60;1;1;1;1;1;1;20,9896794199299
31825;F;67;3;3;3;2;2;2;55,8988643321601
31030;M;75;1;1;1;1;2;2;38,4347144754027
31585;M;73;2;2;2;2;2;2;50,7765920832502
33113;F;70;3;3;3;3;3;3;71,5093223378245
31567;M;60;2;2;2;2;2;2;51,7119650023945
31293;F;74;2;2;2;2;2;2;46,790839534992
33270;M;84;3;3;3;3;3;3;78,177641185555
33038;M;74;1;1;1;1;1;1;26,3720786158711
33519;F;72;3;3;3;3;3;3;74,2968093173616
35560;F;65;2;2;2;2;2;2;47,213919121393
31832;M;77;3;3;3;3;3;3;81,708666522248
31556;M;64;2;2;2;2;2;2;50,1578916058853
33229;F;80;3;2;2;2;2;2;48,3038991707797
33209;F;79;1;1;1;1;1;1;19,7708411824421
33273;F;84;1;1;1;2;2;2;36,1817140673742
33585;M;81;2;1;1;1;1;1;25,4131405566395
35609;F;64;3;3;3;2;2;2;53,8732374073975
33277;M;84;2;2;2;3;3;3;69,7398133413312
33043;F;74;3;2;2;2;2;2;46,0395147640666
33583;M;81;2;1;1;1;1;1;26,1550863135314
33006;M;72;1;1;1;1;1;1;22,4174158437525
33417;F;80;2;1;1;1;1;1;20,0700664921595
33419;F;80;3;3;3;2;2;2;54,1211862817648
31270;M;72;2;2;2;2;2;2;50,7659172510485
33276;F;84;3;3;3;3;3;3;70,9616817448521
33633;M;79;2;2;2;1;1;1;33,4272130691303
33237;M;80;2;2;2;2;2;2;52,6127271038489
31780;F;80;2;2;2;2;2;2;46,0658415461111
33463;M;70;3;3;3;3;3;3;75,9852181995959
33584;M;81;2;1;1;1;1;1;24,0037614748177
31271;M;72;1;1;1;2;1;1;28,2186265752397
35669;F;62;3;3;3;3;3;3;76,0056783398861
33207;F;84;3;3;3;3;3;3;71,5284151094921
33246;F;77;1;1;1;1;1;2;26,8409153732688
31034;M;74;2;2;3;3;3;3;74,8650001931326
33214;F;84;2;2;2;2;2;2;46,2697045928121
31447;M;64;2;2;2;2;2;2;50,2646265362125
31593;F;71;3;3;3;3;3;3;71,8610522085899
33271;M;84;1;1;1;1;1;2;32,4654191393232
33650;F;80;1;1;1;1;1;1;19,8056825839267
33905;F;75;2;2;2;2;2;2;45,8264101838924
33232;F;79;3;3;3;3;3;3;72,3174279321344
33009;F;70;3;3;3;3;3;3;72,534408928438
33215;F;81;3;3;3;3;3;3;75,7125575046978
33278;M;84;3;3;3;3;3;3;77,9641223028581
33466;M;67;2;2;2;2;2;2;52,2793271614116
31158;M;69;2;3;3;3;3;3;79,5421400490203
31264;M;71;2;2;2;1;1;1;33,9000593752727
35983;M;76;3;2;2;1;1;1;33,9019792146363
31294;F;74;2;2;3;3;3;3;68,9309678222012
34073;M;80;2;2;2;2;2;2;50,3961420673998
33241;F;78;3;2;2;2;2;2;48,9325459374794
31816;F;76;3;2;2;2;2;2;46,8666399136437
33619;M;81;2;2;2;2;2;2;53,4595370957153
35803;F;60;2;2;2;2;2;2;44,9485514584383
33082;M;71;2;2;2;2;2;2;50,1638861437931
34338;F;75;3;3;3;3;3;3;73,5056685000859
31807;M;76;2;2;2;2;2;2;51,1708449917282
33416;F;80;2;2;2;2;2;2;45,034292974639
31460;M;78;2;2;2;2;3;3;64,5624668048461
35854;M;78;2;2;2;2;2;2;51,1796616516247
33003;F;72;2;2;2;2;2;2;44,7161052129042
31747;F;81;3;2;2;2;2;2;48,7148866947245
33459;F;70;3;3;3;3;3;3;71,8619420791013
31583;F;73;2;2;2;2;2;2;47,480694355024
33109;M;69;2;2;2;2;2;2;50,160997493673
33030;F;75;2;2;2;2;2;2;46,2296753791204
31564;F;64;3;3;3;3;3;3;74,6390243481144
31463;F;63;2;2;2;2;3;3;60,8128567263225
33938;M;71;2;2;2;2;2;2;51,9662198482593
33088;F;71;2;2;2;2;2;2;45,6590097547343
33451;M;78;2;2;2;1;1;1;31,5317426256303
31562;M;63;2;2;2;2;2;2;50,7294426032418
33612;M;81;3;3;3;3;3;3;81,064246836044
33258;F;76;2;2;2;2;2;2;45,4697735009653
33469;F;69;2;2;2;2;2;2;44,5642965671228
31575;M;74;3;3;3;3;3;3;78,5535276336192
35731;F;66;3;3;3;3;3;3;73,7861826762971
31261;M;71;2;2;2;2;2;2;52,5675489417277
31039;M;74;2;2;2;2;2;2;52,8505018364303
31218;M;67;3;3;3;3;3;3;78,7853456173042
31309;M;68;2;3;3;3;3;3;79,0814248882277
31295;F;60;2;2;2;2;2;2;44,6445803398116
33571;F;82;3;3;3;3;3;3;69,7742001544748
31446;M;64;2;2;2;2;2;2;50,4270368814473
33045;M;74;3;3;3;3;3;3;77,8607787854805
33117;M;85;3;3;3;3;3;3;75,1605077924878
33570;F;83;3;3;3;3;3;3;74,1346778969646
33640;F;80;3;3;3;3;3;3;72,1153075523767
31148;F;71;3;3;3;3;3;3;72,951889282168
35734;M;66;3;3;3;3;3;3;76,2539075382606
33648;F;80;2;2;2;2;2;2;46,6122565643128
35668;M;62;1;1;1;1;1;1;26,4714025457748
33634;M;78;1;1;1;1;1;1;22,3174463544056
33267;F;84;2;2;2;2;2;3;54,7221318949431
31749;F;81;3;2;2;2;2;2;50,0140398589743
33645;M;80;3;3;3;3;3;3;80,0352865180532
35563;M;65;3;3;3;3;3;3;81,5041511522872
33635;M;78;1;2;2;2;2;2;49,8267109328437
35858;M;78;3;3;3;3;3;3;78,4061719463592
33218;F;81;3;3;3;3;3;3;72,5265227757416
33460;F;70;3;2;2;2;2;2;49,2428308166495
33580;F;73;2;1;1;1;1;1;17,6622124630108
31827;M;72;2;2;2;2;2;2;51,5955333426242
33120;F;84;3;3;3;3;3;3;73,2214924615942
33625;F;79;1;1;1;1;1;1;21,6687329617006
33046;M;69;2;2;2;2;2;2;50,2225114268271
33260;M;84;3;2;2;2;2;2;50,1706297649651
31560;F;63;2;2;2;2;2;2;46,1399179157731
33094;M;72;1;1;1;1;1;1;23,575088975665
33521;F;72;3;3;3;3;3;3;72,0322826602522
33254;M;76;2;2;2;2;2;2;51,3329986521079
35613;M;64;2;2;2;2;2;2;50,7212748996827
31694;M;67;2;2;2;2;2;2;50,1164240578396
35619;F;64;2;1;1;1;1;1;20,342224159174
33219;F;81;3;3;3;3;3;3;72,7934767935001
31813;M;77;3;3;3;3;3;3;75,8820916435828
35666;M;62;3;3;3;3;3;3;74,6569501471826
33216;F;81;3;3;3;3;3;3;72,4200970033836
31465;M;78;2;2;2;1;1;1;35,4158423260484
33091;M;72;2;2;2;2;2;2;52,3917560896887
33123;F;84;3;3;3;3;3;3;75,1135506321795
35760;F;64;2;2;2;2;2;2;47,2647284256095
31456;M;63;2;2;2;2;2;2;51,6082080557693
35604;M;64;3;3;3;3;3;3;76,3739680781671
33263;M;84;3;2;2;2;2;2;52,742916700491
33651;F;80;2;2;2;1;1;1;30,286812397026
33124;F;84;2;2;2;2;2;2;40,6968749596487
33239;M;80;2;2;2;2;2;2;49,9625335932885
33561;F;81;1;1;1;1;1;1;19,9446672226381
31746;M;70;3;3;3;3;3;3;79,4276795489096
33422;M;80;2;2;2;2;2;2;52,3186536250139
34298;F;73;3;3;3;3;3;3;73,9766195202944
33911;M;75;2;2;2;2;3;3;67,7428116932288
33603;M;76;1;1;1;1;1;2;32,7565267033583
35559;F;65;3;3;3;3;3;3;71,9162365579556
33125;M;84;3;3;3;3;3;3;76,7943393835901
35829;M;60;2;2;2;2;2;3;60,288791321937
35667;M;62;2;2;2;2;2;2;50,5024723493845
31809;F;77;3;3;3;3;3;3;71,9419236488159
31339;F;67;2;1;1;1;1;1;20,2171322377401
31212;M;67;3;3;3;3;3;3;78,8647291250376
31267;F;72;3;3;3;2;2;2;57,5858948293001
31298;F;74;1;1;1;1;1;1;16,608716515522
33238;M;80;2;2;2;2;2;2;50,3578798951591
33101;F;71;2;2;2;2;2;2;45,6785496290025
33252;M;77;2;2;2;2;2;2;49,022876897583
31581;F;73;1;1;1;1;1;2;26,9639114593446
33850;M;74;3;2;2;2;2;2;51,3723052524216
31803;F;76;2;2;2;2;2;2;42,569511759804
35622;M;64;2;1;1;1;1;1;24,5088062788246
33257;F;76;2;2;2;2;2;2;44,9898620155461
33590;F;81;2;2;2;2;2;2;47,4904855527416
33118;M;85;3;3;3;3;3;3;77,7284586354701
33600;F;76;3;3;3;3;3;3;74,127237654899
33917;F;75;2;2;2;2;2;2;46,0049142013929
33837;F;74;2;2;2;2;2;2;43,9356799392423
34071;M;80;2;2;2;2;2;2;51,6957779784964
33019;M;75;2;2;2;1;1;1;33,0754328345419
31306;M;68;1;2;2;2;2;2;50,0836549995052
31554;F;64;2;2;2;2;2;2;46,7780225340239
33107;M;70;2;2;2;2;2;2;51,3055063996987
35662;F;62;2;2;2;2;2;2;48,1687090075571
31563;F;62;3;3;3;3;3;3;73,4643004221753
33233;M;79;3;3;3;3;3;3;76,7535634608164
31155;M;69;2;3;3;3;3;3;78,4473591886927
34280;F;80;2;2;2;2;2;2;43,9566178390105
33034;F;74;2;2;2;2;2;2;42,9126290638671
31029;F;75;1;1;1;1;1;1;17,0760656766291
35608;F;64;2;2;2;2;2;2;44,6739544183324
35628;M;63;1;1;1;1;1;1;22,7233031357018
34605;M;75;3;3;3;3;3;3;81,044701368839
33423;M;80;3;3;3;2;2;2;63,1879611891671
31515;F;76;2;2;2;2;2;3;55,980106906558
31525;M;76;1;1;1;1;1;1;21,7238096321764
34283;F;76;3;3;3;3;3;3;73,3256900946603
33592;M;80;2;2;2;2;2;2;51,8652438704813
33242;F;78;3;2;2;2;2;2;46,8854290066057
31580;F;73;3;2;2;2;2;2;47,3485884851943
31217;M;67;3;2;2;1;1;1;33,1173711473916
33638;M;78;1;2;2;2;2;2;47,9031315607323
33934;F;72;1;1;1;1;1;1;20,4026188696368
35606;M;64;2;3;3;3;3;3;77,7356210533214
31305;M;68;2;2;2;2;2;2;50,5219655565226
31526;M;76;3;3;3;2;2;2;61,222468849617
33037;M;74;1;1;1;1;1;1;26,7282834794207
35616;F;64;2;2;2;2;2;2;46,3349706950062
33579;F;73;3;1;1;1;1;1;23,0080772285661
33906;F;75;2;2;2;2;2;2;47,8422867333734
33620;F;79;1;1;1;1;1;1;17,680206040828
34049;F;80;2;2;2;2;2;2;46,9347828578391
33111;F;70;3;3;3;3;3;3;72,3141690269627
31310;M;68;3;3;3;3;3;3;76,4240783505391
33916;F;75;3;3;3;3;3;3;71,4884715669026
31027;F;75;2;2;2;2;2;2;45,5678895443151
31297;F;74;1;1;1;1;1;1;20,9865639043387
33007;F;72;1;1;1;1;1;1;18,4481833382936
33047;M;69;2;2;2;3;3;3;67,8303050597144
33020;M;75;3;3;3;2;2;2;61,0801244659871
33208;F;79;1;1;1;1;1;1;19,3379330513374
33420;M;80;1;1;1;1;1;1;21,6917594218228
33222;M;81;3;3;3;3;3;3;77,0525416927751
34050;M;80;2;2;2;2;2;2;48,222150785229
35979;F;76;3;3;3;3;3;3;71,3866293720047
33629;M;79;2;2;2;2;2;2;49,8034038035175
31201;M;67;3;3;3;3;3;3;78,1966883756868
33042;F;74;3;2;2;2;2;1;40,1061113409698
33839;M;75;3;3;3;3;3;3;79,9675241651375
35664;F;62;3;3;3;3;3;3;73,7004317410457
33259;F;76;2;2;2;2;2;2;44,941008062471
35726;M;66;2;2;2;2;2;2;51,0742516135868
33562;M;81;1;1;1;1;1;1;24,4559803876932
33626;F;79;3;3;3;2;2;2;54,634920279102
33212;F;84;2;2;2;2;2;2;47,3795754558485
34406;F;73;3;3;3;3;3;3;74,9371506111639
33265;F;84;2;2;2;2;2;2;44,0412133170719
35735;M;66;2;2;2;2;2;2;50,0141950546125
35980;F;76;3;2;2;2;2;2;48,9010783615192
33255;M;76;2;2;2;2;2;2;48,6037321989266
33114;F;70;3;3;3;3;3;3;73,9205351038698
31026;F;75;1;1;1;1;1;1;18,6412184039685
35663;F;62;2;2;2;2;3;3;66,3848220582964
31745;M;70;2;2;2;3;3;3;64,9400415079012
33223;M;78;2;2;2;2;2;2;49,8733683176056
33018;F;75;1;1;1;1;1;1;19,302013264486
33096;F;71;2;2;3;3;3;3;71,5024600260174
33564;M;83;3;3;3;3;3;3;79,8940926455024
34409;F;73;2;2;2;2;2;2;43,6484176081775
35729;M;66;1;1;1;1;1;1;26,9936442734934
33116;M;85;3;3;3;3;3;3;75,998662683589
33631;M;79;3;3;3;3;3;3;76,9650378878846
31145;F;71;3;3;3;3;3;3;73,2262596755903
31776;M;81;3;3;3;3;3;3;81,9729423831015
33253;M;76;3;2;2;2;2;2;53,194036900749
